Session Information:,,,,Device Information:,,,,Oarlock Information:,,,,Oarlock Settings:,,,,,,,,,,,
,,,,,,,,,,,,,,,,,,,,,,,
Name:,JustGo-5569M,,,Name:,Charalampos' SC,,,Firmware:,---,,,Boat ID:,---,,,,,,,,,,
Start Time:,06/22/2024 16:49,,,Model:,SpeedCoach GPS Pro,,,,,,,Seat Number:,---,,,,,,,,,,
Type:,Just Go,,,Serial:,2469836,,,,,,,Port Starboard:,---,,,,,,,,,,
System of Units:,Meters/Split500,,,Firmware Version:,2.22,,,,,,,Oar Length:,---,,,,,,,,,,
Speed Input:,GPS,,,Profile Version:,0.03,,,,,,,Inboard Length:,---,,,,,,,,,,
,,,,Hardware Version:,Rev 11,,,,,,,,,,,,,,,,,,
,,,,LiNK Version:,2.1.68,,,,,,,,,,,,,,,,,,
,,,,,,,,,,,,,,,,,,,,,,,
,,,,,,,,,,,,,,,,,,,,,,,
Session Summary:,,,,,,,,,,,,,,,,,,,,,,,
,,,,,,,,,,,,,,,,,,,,,,,
Total Intervals,Total Distance (GPS),Total Distance (IMP),Total Elapsed Time,Avg Split (GPS),Avg Speed (GPS),Avg Split (IMP),Avg Speed (IMP),Avg Stroke Rate,Total Strokes,Distance/Stroke (GPS),Distance/Stroke (IMP),Avg Heart Rate,Avg Power,Avg Catch,Avg Slip,Avg Finish,Avg Wash,Avg Force Avg,Avg Work,Avg Force Max,Avg Max Force Angle,Start GPS Lat.,Start GPS Lon.
(Interval),(Meters),(Meters),(HH:MM:SS.tenths),(/500),(M/S),(/500),(M/S),(SPM),(Strokes),(Meters),(Meters),(BPM),(Watts),(Degrees),(Degrees),(Degrees),(Degrees),(Newtons),(Joules),(Newtons),(Degrees),(Degrees),(Degrees)
1,5569.9,0,41:50.5,03:46.2,2.21,00:00.0,0,29,581,9.6,0,---,---,---,---,---,---,---,---,---,---,51.4878021,-0.6530667
,,,,,,,,,,,,,,,,,,,,,,,
,,,,,,,,,,,,,,,,,,,,,,,
Interval Summaries:,,,,,,,,,,,,,,,,,,,,,,,
,,,,,,,,,,,,,,,,,,,,,,,
Interval,Total Distance (GPS),Total Distance (IMP),Total Elapsed Time,Avg Split (GPS),Avg Speed (GPS),Avg Split (IMP),Avg Speed (IMP),Avg Stroke Rate,Total Strokes,Distance/Stroke (GPS),Distance/Stroke (IMP),Avg Heart Rate,Avg Power,Avg Catch,Avg Slip,Avg Finish,Avg Wash,Avg Force Avg,Avg Work,Avg Force Max,Avg Max Force Angle,Start GPS Lat.,Start GPS Lon.
(Interval),(Meters),(Meters),(HH:MM:SS.tenths),(/500),(M/S),(/500),(M/S),(SPM),(Strokes),(Meters),(Meters),(BPM),(Watts),(Degrees),(Degrees),(Degrees),(Degrees),(Newtons),(Joules),(Newtons),(Degrees),(Degrees),(Degrees)
1,5569.9,0,41:50.5,03:46.2,2.21,00:00.0,0,29,581,9.6,0,---,---,---,---,---,---,---,---,---,---,51.4878021,-0.6530667
,,,,,,,,,,,,,,,,,,,,,,,
,,,,,,,,,,,,,,,,,,,,,,,
,,,,,,,,,,,,,,,,,,,,,,,
Per-Stroke Data:,,,,,,,,,,,,,,,,,,,,,,,
,,,,,,,,,,,,,,,,,,,,,,,
Interval,Distance (GPS),Distance (IMP),Elapsed Time,Split (GPS),Speed (GPS),Split (IMP),Speed (IMP),Stroke Rate,Total Strokes,Distance/Stroke (GPS),Distance/Stroke (IMP),Heart Rate,Power,Catch,Slip,Finish,Wash,Force Avg,Work,Force Max,Max Force Angle,GPS Lat.,GPS Lon.
(Interval),(Meters),(Meters),(HH:MM:SS.tenths),(/500),(M/S),(/500),(M/S),(SPM),(Strokes),(Meters),(Meters),(BPM),(Watts),(Degrees),(Degrees),(Degrees),(Degrees),(Newtons),(Joules),(Newtons),(Degrees),(Degrees),(Degrees)
1,3401.7,0,32:26.5,05:42.5,1.46,00:00.0,0,83.5,341,0,0,---,---,---,---,---,---,---,---,---,---,51.499503,-0.6768315
1,3401.7,0,32:28.5,03:12.3,2.6,00:00.0,0,38.5,342,0,0,---,---,---,---,---,---,---,---,---,---,51.499478,-0.6767661
1,3406.7,0,32:29.7,02:35.3,3.22,00:00.0,0,41.5,343,4.9,0,---,---,---,---,---,---,---,---,---,---,51.4994511,-0.6766983
1,3413,0,32:31.1,02:05.0,4,00:00.0,0,42,344,6.3,0,---,---,---,---,---,---,---,---,---,---,51.4994188,-0.6766233
1,3419.9,0,32:32.5,01:50.6,4.52,00:00.0,0,43.5,345,6.9,0,---,---,---,---,---,---,---,---,---,---,51.4993829,-0.676542
1,3427.3,0,32:33.9,01:41.2,4.94,00:00.0,0,42.5,346,7.4,0,---,---,---,---,---,---,---,---,---,---,51.4993442,-0.6764557
1,3434.9,0,32:35.3,01:35.6,5.23,00:00.0,0,44.5,347,7.6,0,---,---,---,---,---,---,---,---,---,---,51.4993021,-0.6763687
1,3442.7,0,32:36.7,01:31.6,5.46,00:00.0,0,43.5,348,7.8,0,---,---,---,---,---,---,---,---,---,---,51.4992585,-0.6762801
1,3449.8,0,32:37.9,01:29.1,5.61,00:00.0,0,44,349,7.1,0,---,---,---,---,---,---,---,---,---,---,51.4992194,-0.6761998
1,3457.9,0,32:39.3,01:27.6,5.71,00:00.0,0,44.5,350,8.1,0,---,---,---,---,---,---,---,---,---,---,51.4991743,-0.6761076
1,3465.1,0,32:40.6,01:25.5,5.85,00:00.0,0,43.5,351,7.2,0,---,---,---,---,---,---,---,---,---,---,51.4991347,-0.6760251
1,3474.2,0,32:42.1,01:24.0,5.95,00:00.0,0,44,352,9.1,0,---,---,---,---,---,---,---,---,---,---,51.4990846,-0.6759216
1,3481.5,0,32:43.5,01:24.0,5.95,00:00.0,0,43,353,7.3,0,---,---,---,---,---,---,---,---,---,---,51.4990452,-0.6758383
1,3490.6,0,32:44.9,01:23.3,6,00:00.0,0,43.5,354,9.1,0,---,---,---,---,---,---,---,---,---,---,51.4989956,-0.6757333
1,3498.8,0,32:46.5,01:23.5,5.99,00:00.0,0,42,355,8.2,0,---,---,---,---,---,---,---,---,---,---,51.4989511,-0.6756396
1,3506.9,0,32:47.7,01:24.6,5.91,00:00.0,0,41.5,356,8.1,0,---,---,---,---,---,---,---,---,---,---,51.4989071,-0.675546
1,3515,0,32:49.1,01:25.2,5.87,00:00.0,0,41.5,357,8.1,0,---,---,---,---,---,---,---,---,---,---,51.4988633,-0.6754528
1,3523,0,32:50.5,01:27.3,5.73,00:00.0,0,41.5,358,8.1,0,---,---,---,---,---,---,---,---,---,---,51.4988194,-0.6753605
1,3532,0,32:52.1,01:27.7,5.7,00:00.0,0,41,359,8.9,0,---,---,---,---,---,---,---,---,---,---,51.4987713,-0.6752573
1,3540,0,32:53.5,01:28.8,5.63,00:00.0,0,41.5,360,8.1,0,---,---,---,---,---,---,---,---,---,---,51.4987273,-0.6751646
1,3549,0,32:55.1,01:28.5,5.65,00:00.0,0,39.5,361,8.9,0,---,---,---,---,---,---,---,---,---,---,51.4986778,-0.6750626
1,3557,0,32:56.5,01:28.8,5.63,00:00.0,0,40,362,8,0,---,---,---,---,---,---,---,---,---,---,51.498633,-0.6749717
1,3566,0,32:58.1,01:29.3,5.6,00:00.0,0,40.5,363,8.9,0,---,---,---,---,---,---,---,---,---,---,51.4985829,-0.6748709
1,3574.1,0,32:59.5,01:29.1,5.61,00:00.0,0,39.5,364,8.1,0,---,---,---,---,---,---,---,---,---,---,51.498537,-0.6747802
1,3583.1,0,33:01.1,01:28.7,5.64,00:00.0,0,39.5,365,9,0,---,---,---,---,---,---,---,---,---,---,51.4984866,-0.6746791
1,3591.1,0,33:02.5,01:28.8,5.63,00:00.0,0,39.5,366,8.1,0,---,---,---,---,---,---,---,---,---,---,51.4984414,-0.6745882
1,3600.1,0,33:04.1,01:29.3,5.6,00:00.0,0,39.5,367,9,0,---,---,---,---,---,---,---,---,---,---,51.4983911,-0.674486
1,3608.3,0,33:05.5,01:29.0,5.62,00:00.0,0,39,368,8.2,0,---,---,---,---,---,---,---,---,---,---,51.498345,-0.6743944
1,3617.3,0,33:07.1,01:28.8,5.63,00:00.0,0,39,369,9,0,---,---,---,---,---,---,---,---,---,---,51.4982947,-0.674293
1,3626.3,0,33:08.7,01:28.8,5.63,00:00.0,0,39,370,9,0,---,---,---,---,---,---,---,---,---,---,51.498245,-0.6741912
1,3634.3,0,33:10.1,01:29.3,5.6,00:00.0,0,39.5,371,8,0,---,---,---,---,---,---,---,---,---,---,51.4982004,-0.6741002
1,3643.2,0,33:11.7,01:29.1,5.61,00:00.0,0,38,372,8.9,0,---,---,---,---,---,---,---,---,---,---,51.4981513,-0.673999
1,3652.1,0,33:13.5,01:29.4,5.59,00:00.0,0,39,373,8.9,0,---,---,---,---,---,---,---,---,---,---,51.4981021,-0.6738969
1,3660.2,0,33:14.7,01:29.4,5.59,00:00.0,0,39,374,8,0,---,---,---,---,---,---,---,---,---,---,51.4980586,-0.6738044
1,3669.2,0,33:16.5,01:29.0,5.62,00:00.0,0,38,375,9,0,---,---,---,---,---,---,---,---,---,---,51.4980098,-0.6737001
1,3678.2,0,33:17.9,01:27.3,5.73,00:00.0,0,39,376,9,0,---,---,---,---,---,---,---,---,---,---,51.4979619,-0.6735952
1,3686.4,0,33:19.5,01:27.1,5.74,00:00.0,0,37.5,377,8.2,0,---,---,---,---,---,---,---,---,---,---,51.4979204,-0.6734976
1,3696.2,0,33:21.1,01:26.8,5.76,00:00.0,0,39,378,9.8,0,---,---,---,---,---,---,---,---,---,---,51.4978711,-0.6733807
1,3703.3,0,33:22.5,01:27.7,5.7,00:00.0,0,38,379,7.2,0,---,---,---,---,---,---,---,---,---,---,51.4978357,-0.6732953
1,3713,0,33:24.1,01:28.0,5.68,00:00.0,0,39,380,9.7,0,---,---,---,---,---,---,---,---,---,---,51.4977869,-0.6731796
1,3721,0,33:25.6,01:27.6,5.71,00:00.0,0,37.5,381,8,0,---,---,---,---,---,---,---,---,---,---,51.4977463,-0.6730838
1,3730.8,0,33:27.3,01:28.2,5.67,00:00.0,0,39,382,9.8,0,---,---,---,---,---,---,---,---,---,---,51.4976965,-0.6729674
1,3739.7,0,33:28.9,01:28.8,5.63,00:00.0,0,37.5,383,8.9,0,---,---,---,---,---,---,---,---,---,---,51.4976497,-0.6728637
1,3748.5,0,33:30.5,01:29.1,5.61,00:00.0,0,37.5,384,8.8,0,---,---,---,---,---,---,---,---,---,---,51.4976027,-0.6727605
1,3757.5,0,33:32.1,01:29.4,5.59,00:00.0,0,37.5,385,8.9,0,---,---,---,---,---,---,---,---,---,---,51.4975544,-0.672658
1,3766.3,0,33:33.7,01:30.1,5.55,00:00.0,0,38,386,8.9,0,---,---,---,---,---,---,---,---,---,---,51.4975058,-0.6725563
1,3775.2,0,33:35.3,01:30.3,5.54,00:00.0,0,38.5,387,8.9,0,---,---,---,---,---,---,---,---,---,---,51.4974577,-0.6724542
1,3784,0,33:36.9,01:30.6,5.52,00:00.0,0,37.5,388,8.8,0,---,---,---,---,---,---,---,---,---,---,51.4974094,-0.6723535
1,3792.8,0,33:38.5,01:31.1,5.49,00:00.0,0,37.5,389,8.8,0,---,---,---,---,---,---,---,---,---,---,51.4973603,-0.6722542
1,3801.6,0,33:40.1,01:31.4,5.47,00:00.0,0,37.5,390,8.8,0,---,---,---,---,---,---,---,---,---,---,51.497311,-0.6721546
1,3810.5,0,33:41.7,01:31.7,5.45,00:00.0,0,37.5,391,8.8,0,---,---,---,---,---,---,---,---,---,---,51.4972615,-0.6720549
1,3819.2,0,33:43.5,01:31.7,5.45,00:00.0,0,37.5,392,8.7,0,---,---,---,---,---,---,---,---,---,---,51.4972125,-0.6719566
1,3827.1,0,33:44.7,01:31.6,5.46,00:00.0,0,37.5,393,7.9,0,---,---,---,---,---,---,---,---,---,---,51.4971674,-0.6718682
1,3835.9,0,33:46.5,01:31.4,5.47,00:00.0,0,37.5,394,8.7,0,---,---,---,---,---,---,---,---,---,---,51.4971176,-0.6717706
1,3845.5,0,33:48.1,01:29.3,5.6,00:00.0,0,37.5,395,9.6,0,---,---,---,---,---,---,---,---,---,---,51.4970631,-0.6716627
1,3852.5,0,33:49.5,01:29.6,5.58,00:00.0,0,37.5,396,7,0,---,---,---,---,---,---,---,---,---,---,51.4970243,-0.6715826
1,3863.1,0,33:51.3,01:29.6,5.58,00:00.0,0,37.5,397,10.6,0,---,---,---,---,---,---,---,---,---,---,51.4969677,-0.6714601
1,3871,0,33:52.7,01:29.4,5.59,00:00.0,0,36,398,7.9,0,---,---,---,---,---,---,---,---,---,---,51.4969254,-0.6713685
1,3880.6,0,33:54.5,01:30.4,5.53,00:00.0,0,37.5,399,9.6,0,---,---,---,---,---,---,---,---,---,---,51.4968744,-0.6712573
1,3889.3,0,33:56.1,01:31.7,5.45,00:00.0,0,37,400,8.7,0,---,---,---,---,---,---,---,---,---,---,51.4968287,-0.6711547
1,3898,0,33:57.7,01:32.6,5.4,00:00.0,0,37.5,401,8.7,0,---,---,---,---,---,---,---,---,---,---,51.4967821,-0.671054
1,3906.7,0,33:59.3,01:32.6,5.4,00:00.0,0,37,402,8.7,0,---,---,---,---,---,---,---,---,---,---,51.496735,-0.6709541
1,3915.3,0,34:00.9,01:33.1,5.37,00:00.0,0,37,403,8.7,0,---,---,---,---,---,---,---,---,---,---,51.4966883,-0.6708547
1,3924,0,34:02.5,01:33.5,5.35,00:00.0,0,37.5,404,8.7,0,---,---,---,---,---,---,---,---,---,---,51.4966408,-0.6707551
1,3932.6,0,34:04.1,01:33.5,5.35,00:00.0,0,37.5,405,8.6,0,---,---,---,---,---,---,---,---,---,---,51.4965939,-0.6706562
1,3941.2,0,34:05.7,01:32.9,5.38,00:00.0,0,36,406,8.6,0,---,---,---,---,---,---,---,---,---,---,51.4965468,-0.6705577
1,3950,0,34:07.5,01:32.9,5.38,00:00.0,0,37,407,8.8,0,---,---,---,---,---,---,---,---,---,---,51.4964976,-0.6704588
1,3958.7,0,34:08.9,01:31.2,5.48,00:00.0,0,37.5,408,8.7,0,---,---,---,---,---,---,---,---,---,---,51.4964495,-0.6703601
1,3966.5,0,34:10.5,01:31.4,5.47,00:00.0,0,37.5,409,7.8,0,---,---,---,---,---,---,---,---,---,---,51.496406,-0.6702712
1,3976.9,0,34:12.3,01:31.2,5.48,00:00.0,0,37.5,410,10.4,0,---,---,---,---,---,---,---,---,---,---,51.4963489,-0.670153
1,3984.7,0,34:13.7,01:31.1,5.49,00:00.0,0,35.5,411,7.8,0,---,---,---,---,---,---,---,---,---,---,51.4963057,-0.6700644
1,3994.1,0,34:15.5,01:32.1,5.43,00:00.0,0,37,412,9.4,0,---,---,---,---,---,---,---,---,---,---,51.4962539,-0.6699578
1,4002.7,0,34:17.1,01:32.8,5.39,00:00.0,0,37.5,413,8.6,0,---,---,---,---,---,---,---,---,---,---,51.4962059,-0.6698594
1,4011.4,0,34:18.7,01:33.1,5.37,00:00.0,0,37.5,414,8.7,0,---,---,---,---,---,---,---,---,---,---,51.4961585,-0.6697596
1,4020.1,0,34:20.3,01:33.6,5.34,00:00.0,0,37.5,415,8.7,0,---,---,---,---,---,---,---,---,---,---,51.4961127,-0.6696587
1,4028.8,0,34:21.9,01:33.5,5.35,00:00.0,0,36,416,8.7,0,---,---,---,---,---,---,---,---,---,---,51.4960672,-0.6695573
1,4037.5,0,34:23.5,01:33.5,5.35,00:00.0,0,37,417,8.7,0,---,---,---,---,---,---,---,---,---,---,51.4960223,-0.6694541
1,4046.2,0,34:25.1,01:33.8,5.33,00:00.0,0,37.5,418,8.7,0,---,---,---,---,---,---,---,---,---,---,51.4959781,-0.6693511
1,4054.8,0,34:26.7,01:33.1,5.37,00:00.0,0,35.5,419,8.6,0,---,---,---,---,---,---,---,---,---,---,51.4959337,-0.6692496
1,4063.4,0,34:28.5,01:33.3,5.36,00:00.0,0,37,420,8.7,0,---,---,---,---,---,---,---,---,---,---,51.4958879,-0.6691484
1,4072.7,0,34:30.1,01:32.1,5.43,00:00.0,0,35.5,421,9.3,0,---,---,---,---,---,---,---,---,---,---,51.4958376,-0.6690408
1,4080.4,0,34:31.6,01:32.4,5.41,00:00.0,0,37.5,422,7.7,0,---,---,---,---,---,---,---,---,---,---,51.4957951,-0.6689532
1,4089.9,0,34:33.3,01:32.4,5.41,00:00.0,0,35.5,423,9.5,0,---,---,---,---,---,---,---,---,---,---,51.4957424,-0.6688461
1,4098.5,0,34:34.9,01:32.6,5.4,00:00.0,0,37,424,8.6,0,---,---,---,---,---,---,---,---,---,---,51.4956938,-0.66875
1,4108,0,34:36.7,01:33.5,5.35,00:00.0,0,36,425,9.5,0,---,---,---,---,---,---,---,---,---,---,51.4956412,-0.6686424
1,4116.5,0,34:38.3,01:33.8,5.33,00:00.0,0,37,426,8.6,0,---,---,---,---,---,---,---,---,---,---,51.4955941,-0.668545
1,4125.1,0,34:39.9,01:34.0,5.32,00:00.0,0,36,427,8.6,0,---,---,---,---,---,---,---,---,---,---,51.4955467,-0.6684474
1,4133.7,0,34:41.5,01:34.3,5.3,00:00.0,0,36.5,428,8.6,0,---,---,---,---,---,---,---,---,---,---,51.4955002,-0.6683477
1,4142.3,0,34:43.1,01:34.3,5.3,00:00.0,0,36,429,8.6,0,---,---,---,---,---,---,---,---,---,---,51.495454,-0.6682484
1,4151.8,0,34:44.9,01:33.8,5.33,00:00.0,0,37,430,9.5,0,---,---,---,---,---,---,---,---,---,---,51.4954041,-0.6681369
1,4159.6,0,34:46.5,01:33.8,5.33,00:00.0,0,36,431,7.8,0,---,---,---,---,---,---,---,---,---,---,51.4953636,-0.668046
1,4169,0,34:48.1,01:31.7,5.45,00:00.0,0,37,432,9.4,0,---,---,---,---,---,---,---,---,---,---,51.4953142,-0.6679351
1,4177.6,0,34:49.7,01:31.7,5.45,00:00.0,0,35.5,433,8.6,0,---,---,---,---,---,---,---,---,---,---,51.4952688,-0.6678349
1,4187,0,34:51.5,01:32.9,5.38,00:00.0,0,37.5,434,9.4,0,---,---,---,---,---,---,---,---,---,---,51.4952192,-0.6677255
1,4195.6,0,34:53.1,01:34.2,5.31,00:00.0,0,35.5,435,8.6,0,---,---,---,---,---,---,---,---,---,---,51.4951734,-0.6676252
1,4204.2,0,34:54.7,01:34.3,5.3,00:00.0,0,35.5,436,8.6,0,---,---,---,---,---,---,---,---,---,---,51.4951274,-0.6675252
1,4212.7,0,34:56.3,01:34.5,5.29,00:00.0,0,36,437,8.5,0,---,---,---,---,---,---,---,---,---,---,51.4950812,-0.6674274
1,4222.1,0,34:58.1,01:35.2,5.25,00:00.0,0,37,438,9.4,0,---,---,---,---,---,---,---,---,---,---,51.4950298,-0.6673197
1,4230.7,0,34:59.7,01:35.4,5.24,00:00.0,0,35.5,439,8.6,0,---,---,---,---,---,---,---,---,---,---,51.494983,-0.6672218
1,4239.2,0,35:01.5,01:35.1,5.26,00:00.0,0,36,440,8.5,0,---,---,---,---,---,---,---,---,---,---,51.4949369,-0.6671233
1,4248.7,0,35:03.1,01:32.9,5.38,00:00.0,0,37,441,9.4,0,---,---,---,---,---,---,---,---,---,---,51.494886,-0.6670145
1,4256.3,0,35:04.6,01:32.8,5.39,00:00.0,0,35.5,442,7.7,0,---,---,---,---,---,---,---,---,---,---,51.494845,-0.6669256
1,4265.7,0,35:06.3,01:32.4,5.41,00:00.0,0,35.5,443,9.4,0,---,---,---,---,---,---,---,---,---,---,51.4947948,-0.6668172
1,4274.2,0,35:07.9,01:33.6,5.34,00:00.0,0,37,444,8.5,0,---,---,---,---,---,---,---,---,---,---,51.4947485,-0.6667198
1,4283.6,0,35:09.7,01:34.9,5.27,00:00.0,0,35.5,445,9.4,0,---,---,---,---,---,---,---,---,---,---,51.4946968,-0.6666125
1,4292.1,0,35:11.3,01:34.7,5.28,00:00.0,0,35.5,446,8.5,0,---,---,---,---,---,---,---,---,---,---,51.4946491,-0.6665161
1,4300.7,0,35:12.9,01:34.9,5.27,00:00.0,0,35.5,447,8.5,0,---,---,---,---,---,---,---,---,---,---,51.4946013,-0.6664201
1,4310.1,0,35:14.7,01:35.6,5.23,00:00.0,0,37,448,9.5,0,---,---,---,---,---,---,---,---,---,---,51.4945494,-0.6663123
1,4318.6,0,35:16.5,01:35.6,5.23,00:00.0,0,35.5,449,8.4,0,---,---,---,---,---,---,---,---,---,---,51.494502,-0.666217
1,4327.1,0,35:17.9,01:34.5,5.29,00:00.0,0,35.5,450,8.5,0,---,---,---,---,---,---,---,---,---,---,51.4944548,-0.6661203
1,4334.7,0,35:19.5,01:34.7,5.28,00:00.0,0,35.5,451,7.6,0,---,---,---,---,---,---,---,---,---,---,51.4944123,-0.6660339
1,4344.8,0,35:21.3,01:33.3,5.36,00:00.0,0,37,452,10.1,0,---,---,---,---,---,---,---,---,---,---,51.4943566,-0.6659188
1,4353.3,0,35:22.9,01:34.0,5.32,00:00.0,0,35.5,453,8.5,0,---,---,---,---,---,---,---,---,---,---,51.4943096,-0.6658224
1,4362.7,0,35:24.7,01:35.1,5.26,00:00.0,0,35.5,454,9.4,0,---,---,---,---,---,---,---,---,---,---,51.4942571,-0.6657153
1,4371.2,0,35:26.3,01:34.7,5.28,00:00.0,0,35.5,455,8.5,0,---,---,---,---,---,---,---,---,---,---,51.4942119,-0.665617
1,4379.7,0,35:27.9,01:35.1,5.26,00:00.0,0,35.5,456,8.5,0,---,---,---,---,---,---,---,---,---,---,51.494167,-0.665518
1,4389,0,35:29.7,01:35.8,5.22,00:00.0,0,35.5,457,9.3,0,---,---,---,---,---,---,---,---,---,---,51.4941167,-0.6654115
1,4406.9,0,35:33.1,01:34.5,5.29,00:00.0,0,18,458,17.9,0,---,---,---,---,---,---,---,---,---,---,51.4940229,-0.6652005
1,4414.5,0,35:34.6,01:33.6,5.34,00:00.0,0,35.5,459,7.6,0,---,---,---,---,---,---,---,---,---,---,51.4939826,-0.6651126
1,4423.7,0,35:36.3,01:34.0,5.32,00:00.0,0,35.5,460,9.2,0,---,---,---,---,---,---,---,---,---,---,51.4939337,-0.665005
1,4432.9,0,35:38.1,01:35.2,5.25,00:00.0,0,35.5,461,9.2,0,---,---,---,---,---,---,---,---,---,---,51.4938828,-0.6649004
1,4441.2,0,35:39.7,01:36.9,5.16,00:00.0,0,36,462,8.3,0,---,---,---,---,---,---,---,---,---,---,51.4938382,-0.6648047
1,4449.6,0,35:41.3,01:37.1,5.15,00:00.0,0,35.5,463,8.4,0,---,---,---,---,---,---,---,---,---,---,51.493794,-0.6647063
1,4458.9,0,35:43.1,01:37.3,5.14,00:00.0,0,35.5,464,9.2,0,---,---,---,---,---,---,---,---,---,---,51.493745,-0.6645989
1,4467.3,0,35:44.7,01:37.5,5.13,00:00.0,0,35.5,465,8.4,0,---,---,---,---,---,---,---,---,---,---,51.4936999,-0.6645014
1,4475.6,0,35:46.5,01:37.7,5.12,00:00.0,0,35.5,466,8.3,0,---,---,---,---,---,---,---,---,---,---,51.4936539,-0.664407
1,4484.8,0,35:48.1,01:35.6,5.23,00:00.0,0,35.5,467,9.2,0,---,---,---,---,---,---,---,---,---,---,51.4936001,-0.664306
1,4493.2,0,35:49.7,01:35.4,5.24,00:00.0,0,35.5,468,8.4,0,---,---,---,---,---,---,---,---,---,---,51.4935511,-0.6642144
1,4502.4,0,35:51.5,01:36.2,5.2,00:00.0,0,35.5,469,9.1,0,---,---,---,---,---,---,---,---,---,---,51.4934966,-0.6641147
1,4510.6,0,35:53.1,01:37.1,5.15,00:00.0,0,35.5,470,8.2,0,---,---,---,---,---,---,---,---,---,---,51.4934493,-0.6640235
1,4519.7,0,35:54.9,01:38.4,5.08,00:00.0,0,35.5,471,9.1,0,---,---,---,---,---,---,---,---,---,---,51.4933974,-0.6639215
1,4528,0,35:56.5,01:38.8,5.06,00:00.0,0,35.5,472,8.3,0,---,---,---,---,---,---,---,---,---,---,51.4933515,-0.6638281
1,4536.2,0,35:58.1,01:38.6,5.07,00:00.0,0,36,473,8.2,0,---,---,---,---,---,---,---,---,---,---,51.4933057,-0.6637356
1,4545.3,0,35:59.9,01:37.8,5.11,00:00.0,0,35.5,474,9.2,0,---,---,---,---,---,---,---,---,---,---,51.4932548,-0.6636316
1,4552.8,0,36:01.5,01:37.5,5.13,00:00.0,0,35.5,475,7.5,0,---,---,---,---,---,---,---,---,---,---,51.4932132,-0.6635463
1,4562.8,0,36:03.3,01:35.8,5.22,00:00.0,0,35.5,476,9.9,0,---,---,---,---,---,---,---,---,---,---,51.493158,-0.6634336
1,4571,0,36:04.9,01:37.1,5.15,00:00.0,0,35.5,477,8.2,0,---,---,---,---,---,---,---,---,---,---,51.4931127,-0.6633403
1,4580,0,36:06.7,01:39.0,5.05,00:00.0,0,35.5,478,9,0,---,---,---,---,---,---,---,---,---,---,51.4930647,-0.6632359
1,4588.1,0,36:08.3,01:39.2,5.04,00:00.0,0,34,479,8.1,0,---,---,---,---,---,---,---,---,---,---,51.4930213,-0.6631415
1,4597.1,0,36:10.1,01:39.6,5.02,00:00.0,0,35.5,480,9,0,---,---,---,---,---,---,---,---,---,---,51.4929734,-0.6630376
1,4605.1,0,36:11.7,01:40.0,5,00:00.0,0,35.5,481,8.1,0,---,---,---,---,---,---,---,---,---,---,51.4929299,-0.6629451
1,4613.2,0,36:13.5,01:40.2,4.99,00:00.0,0,34,482,8.1,0,---,---,---,---,---,---,---,---,---,---,51.4928861,-0.6628518
1,4622.1,0,36:15.1,01:38.4,5.08,00:00.0,0,35.5,483,8.9,0,---,---,---,---,---,---,---,---,---,---,51.4928378,-0.6627494
1,4631,0,36:16.9,01:39.0,5.05,00:00.0,0,34,484,8.9,0,---,---,---,---,---,---,---,---,---,---,51.4927896,-0.6626471
1,4639.9,0,36:18.7,01:40.2,4.99,00:00.0,0,35.5,485,8.9,0,---,---,---,---,---,---,---,---,---,---,51.4927415,-0.6625446
1,4648.1,0,36:20.3,01:40.0,5,00:00.0,0,34,486,8.3,0,---,---,---,---,---,---,---,---,---,---,51.4926972,-0.6624492
1,4657.1,0,36:22.1,01:39.2,5.04,00:00.0,0,35.5,487,9,0,---,---,---,---,---,---,---,---,---,---,51.4926486,-0.6623457
1,4665.3,0,36:23.7,01:38.6,5.07,00:00.0,0,35.5,488,8.2,0,---,---,---,---,---,---,---,---,---,---,51.4926026,-0.6622528
1,4673.6,0,36:25.5,01:38.8,5.06,00:00.0,0,35.5,489,8.3,0,---,---,---,---,---,---,---,---,---,---,51.4925576,-0.6621574
1,4682.8,0,36:27.1,01:36.0,5.21,00:00.0,0,34,490,9.1,0,---,---,---,---,---,---,---,---,---,---,51.4925076,-0.662053
1,4691.9,0,36:28.9,01:35.8,5.22,00:00.0,0,35.5,491,9.1,0,---,---,---,---,---,---,---,---,---,---,51.4924578,-0.6619484
1,4701.1,0,36:30.7,01:37.5,5.13,00:00.0,0,35.5,492,9.2,0,---,---,---,---,---,---,---,---,---,---,51.4924074,-0.6618438
1,4709.3,0,36:32.3,01:37.3,5.14,00:00.0,0,34,493,8.3,0,---,---,---,---,---,---,---,---,---,---,51.4923624,-0.6617486
1,4717.6,0,36:33.9,01:37.5,5.13,00:00.0,0,35.5,494,8.2,0,---,---,---,---,---,---,---,---,---,---,51.4923174,-0.6616542
1,4726.8,0,36:35.7,01:38.0,5.1,00:00.0,0,35.5,495,9.2,0,---,---,---,---,---,---,---,---,---,---,51.492269,-0.6615465
1,4735.2,0,36:37.5,01:37.5,5.13,00:00.0,0,35.5,496,8.4,0,---,---,---,---,---,---,---,---,---,---,51.4922243,-0.6614487
1,4744.6,0,36:39.1,01:35.1,5.26,00:00.0,0,35.5,497,9.4,0,---,---,---,---,---,---,---,---,---,---,51.4921738,-0.6613404
1,4752.1,0,36:40.6,01:34.5,5.29,00:00.0,0,35.5,498,7.6,0,---,---,---,---,---,---,---,---,---,---,51.4921331,-0.661253
1,4762.1,0,36:42.5,01:34.5,5.29,00:00.0,0,35.5,499,10,0,---,---,---,---,---,---,---,---,---,---,51.4920794,-0.6611373
1,4770.6,0,36:44.1,01:35.8,5.22,00:00.0,0,35.5,500,8.4,0,---,---,---,---,---,---,---,---,---,---,51.4920334,-0.6610408
1,4779.8,0,36:45.9,01:36.2,5.2,00:00.0,0,34.5,501,9.2,0,---,---,---,---,---,---,---,---,---,---,51.4919842,-0.6609335
1,4788.1,0,36:47.5,01:36.3,5.19,00:00.0,0,35,502,8.3,0,---,---,---,---,---,---,---,---,---,---,51.4919388,-0.6608384
1,4797.3,0,36:49.5,01:37.1,5.15,00:00.0,0,35.5,503,9.2,0,---,---,---,---,---,---,---,---,---,---,51.4918897,-0.6607322
1,4805.7,0,36:50.9,01:36.5,5.18,00:00.0,0,35.5,504,8.4,0,---,---,---,---,---,---,---,---,---,---,51.4918449,-0.6606345
1,4814,0,36:52.6,01:36.3,5.19,00:00.0,0,34.5,505,8.4,0,---,---,---,---,---,---,---,---,---,---,51.4918002,-0.6605376
1,4823.2,0,36:54.3,01:34.7,5.28,00:00.0,0,35.5,506,9.1,0,---,---,---,---,---,---,---,---,---,---,51.4917509,-0.6604321
1,4831.6,0,36:55.9,01:35.1,5.26,00:00.0,0,35.5,507,8.4,0,---,---,---,---,---,---,---,---,---,---,51.4917055,-0.6603343
1,4840.9,0,36:57.7,01:36.2,5.2,00:00.0,0,35.5,508,9.3,0,---,---,---,---,---,---,---,---,---,---,51.4916553,-0.660227
1,4849.4,0,36:59.3,01:36.2,5.2,00:00.0,0,35.5,509,8.4,0,---,---,---,---,---,---,---,---,---,---,51.4916102,-0.6601298
1,4858.5,0,37:01.1,01:36.5,5.18,00:00.0,0,35.5,510,9.2,0,---,---,---,---,---,---,---,---,---,---,51.491561,-0.6600235
1,4866.8,0,37:02.7,01:37.1,5.15,00:00.0,0,35.5,511,8.3,0,---,---,---,---,---,---,---,---,---,---,51.4915165,-0.6599272
1,4875.3,0,37:04.5,01:36.9,5.16,00:00.0,0,35.5,512,8.5,0,---,---,---,---,---,---,---,---,---,---,51.49147,-0.6598307
1,4884.6,0,37:06.1,01:34.0,5.32,00:00.0,0,35.5,513,9.3,0,---,---,---,---,---,---,---,---,---,---,51.4914188,-0.6597241
1,4893.1,0,37:07.7,01:33.6,5.34,00:00.0,0,35.5,514,8.4,0,---,---,---,---,---,---,---,---,---,---,51.4913715,-0.6596288
1,4902.4,0,37:09.5,01:34.5,5.29,00:00.0,0,35.5,515,9.3,0,---,---,---,---,---,---,---,---,---,---,51.491319,-0.6595245
1,4910.8,0,37:11.1,01:35.4,5.24,00:00.0,0,35.5,516,8.4,0,---,---,---,---,---,---,---,---,---,---,51.4912717,-0.6594296
1,4920,0,37:12.9,01:36.0,5.21,00:00.0,0,35.5,517,9.2,0,---,---,---,---,---,---,---,---,---,---,51.4912194,-0.6593263
1,4928.5,0,37:14.5,01:36.2,5.2,00:00.0,0,35.5,518,8.4,0,---,---,---,---,---,---,---,---,---,---,51.4911727,-0.6592303
1,4936.9,0,37:16.1,01:36.5,5.18,00:00.0,0,35.5,519,8.4,0,---,---,---,---,---,---,---,---,---,---,51.4911281,-0.6591327
1,4946.1,0,37:17.9,01:36.3,5.19,00:00.0,0,35.5,520,9.2,0,---,---,---,---,---,---,---,---,---,---,51.4910815,-0.6590233
1,4953.5,0,37:19.5,01:36.9,5.16,00:00.0,0,35.5,521,7.4,0,---,---,---,---,---,---,---,---,---,---,51.4910435,-0.658935
1,4963.5,0,37:21.3,01:35.4,5.24,00:00.0,0,35.5,522,10,0,---,---,---,---,---,---,---,---,---,---,51.4909928,-0.6588158
1,4971.6,0,37:22.9,01:36.3,5.19,00:00.0,0,35.5,523,8.2,0,---,---,---,---,---,---,---,---,---,---,51.4909504,-0.65872
1,4979.9,0,37:24.5,01:38.0,5.1,00:00.0,0,35.5,524,8.2,0,---,---,---,---,---,---,---,---,---,---,51.4909066,-0.6586247
1,4988.8,0,37:26.3,01:39.0,5.05,00:00.0,0,35.5,525,9,0,---,---,---,---,---,---,---,---,---,---,51.4908583,-0.6585209
1,4997.8,0,37:28.1,01:39.6,5.02,00:00.0,0,34,526,9,0,---,---,---,---,---,---,---,---,---,---,51.49081,-0.6584183
1,5005.9,0,37:29.7,01:40.2,4.99,00:00.0,0,35.5,527,8.1,0,---,---,---,---,---,---,---,---,---,---,51.490764,-0.6583267
1,5014,0,37:31.5,01:40.4,4.98,00:00.0,0,34,528,8.1,0,---,---,---,---,---,---,---,---,---,---,51.4907174,-0.658237
1,5022.8,0,37:33.1,01:38.4,5.08,00:00.0,0,35.5,529,8.8,0,---,---,---,---,---,---,---,---,---,---,51.4906644,-0.6581425
1,5031.9,0,37:34.9,01:39.4,5.03,00:00.0,0,34,530,9,0,---,---,---,---,---,---,---,---,---,---,51.4906107,-0.6580445
1,5040.7,0,37:36.7,01:40.0,5,00:00.0,0,35.5,531,8.9,0,---,---,---,---,---,---,---,---,---,---,51.4905566,-0.6579507
1,5048.8,0,37:38.3,01:40.2,4.99,00:00.0,0,34,532,8.1,0,---,---,---,---,---,---,---,---,---,---,51.4905078,-0.6578643
1,5057.7,0,37:40.1,01:41.2,4.94,00:00.0,0,35.5,533,8.9,0,---,---,---,---,---,---,---,---,---,---,51.4904574,-0.6577652
1,5065.7,0,37:41.7,01:41.0,4.95,00:00.0,0,34,534,8,0,---,---,---,---,---,---,---,---,---,---,51.490412,-0.6576761
1,5073.7,0,37:43.5,01:40.8,4.96,00:00.0,0,35.5,535,8,0,---,---,---,---,---,---,---,---,---,---,51.4903669,-0.6575855
1,5082.5,0,37:45.1,01:38.8,5.06,00:00.0,0,35.5,536,8.8,0,---,---,---,---,---,---,---,---,---,---,51.4903174,-0.6574872
1,5091.3,0,37:46.9,01:38.6,5.07,00:00.0,0,34.5,537,8.8,0,---,---,---,---,---,---,---,---,---,---,51.4902689,-0.6573869
1,5099.3,0,37:48.5,01:39.6,5.02,00:00.0,0,35,538,8,0,---,---,---,---,---,---,---,---,---,---,51.4902282,-0.6572918
1,5108.2,0,37:50.3,01:39.8,5.01,00:00.0,0,35.5,539,8.9,0,---,---,---,---,---,---,---,---,---,---,51.4901828,-0.6571854
1,5116.4,0,37:51.9,01:39.8,5.01,00:00.0,0,35.5,540,8.2,0,---,---,---,---,---,---,---,---,---,---,51.4901412,-0.6570882
1,5125.5,0,37:53.7,01:39.8,5.01,00:00.0,0,35.5,541,9.1,0,---,---,---,---,---,---,---,---,---,---,51.4900956,-0.6569792
1,5133.7,0,37:55.5,01:38.6,5.07,00:00.0,0,35.5,542,8.2,0,---,---,---,---,---,---,---,---,---,---,51.4900537,-0.6568819
1,5142.9,0,37:57.1,01:36.9,5.16,00:00.0,0,35.5,543,9.2,0,---,---,---,---,---,---,---,---,---,---,51.4900074,-0.6567716
1,5150.3,0,37:58.6,01:36.9,5.16,00:00.0,0,35.5,544,7.4,0,---,---,---,---,---,---,---,---,---,---,51.4899689,-0.6566844
1,5159,0,38:00.3,01:36.7,5.17,00:00.0,0,35.5,545,8.7,0,---,---,---,---,---,---,---,---,---,---,51.4899232,-0.6565828
1,5168,0,38:02.1,01:39.4,5.03,00:00.0,0,35.5,546,9,0,---,---,---,---,---,---,---,---,---,---,51.4898777,-0.6564759
1,5176.1,0,38:03.7,01:40.8,4.96,00:00.0,0,35.5,547,8.1,0,---,---,---,---,---,---,---,---,---,---,51.4898362,-0.6563796
1,5185.1,0,38:05.5,01:39.6,5.02,00:00.0,0,34.5,548,9,0,---,---,---,---,---,---,---,---,---,---,51.4897889,-0.6562746
1,5193.2,0,38:07.1,01:39.6,5.02,00:00.0,0,37,549,8.2,0,---,---,---,---,---,---,---,---,---,---,51.4897436,-0.6561821
1,5202.2,0,38:08.9,01:39.0,5.05,00:00.0,0,34,550,8.9,0,---,---,---,---,---,---,---,---,---,---,51.4896932,-0.6560817
1,5209.5,0,38:10.5,01:39.0,5.05,00:00.0,0,36,551,7.3,0,---,---,---,---,---,---,---,---,---,---,51.4896514,-0.6559997
1,5218.5,0,38:12.1,01:37.1,5.15,00:00.0,0,35,552,9,0,---,---,---,---,---,---,---,---,---,---,51.4896,-0.6558992
1,5227.5,0,38:13.9,01:37.5,5.13,00:00.0,0,35.5,553,9,0,---,---,---,---,---,---,---,---,---,---,51.4895481,-0.6558003
1,5236.6,0,38:15.7,01:38.8,5.06,00:00.0,0,34,554,9.1,0,---,---,---,---,---,---,---,---,---,---,51.4894972,-0.6556978
1,5244.7,0,38:17.3,01:38.8,5.06,00:00.0,0,35.5,555,8.2,0,---,---,---,---,---,---,---,---,---,---,51.48945,-0.6556078
1,5253.6,0,38:19.1,01:39.8,5.01,00:00.0,0,34,556,8.9,0,---,---,---,---,---,---,---,---,---,---,51.4893996,-0.6555088
1,5262.5,0,38:20.9,01:40.8,4.96,00:00.0,0,35.5,557,8.8,0,---,---,---,---,---,---,---,---,---,---,51.4893498,-0.6554093
1,5269.7,0,38:22.5,01:41.2,4.94,00:00.0,0,34,558,7.3,0,---,---,---,---,---,---,---,---,---,---,51.4893101,-0.6553262
1,5279.4,0,38:24.3,01:38.6,5.07,00:00.0,0,35.5,559,9.7,0,---,---,---,---,---,---,---,---,---,---,51.4892562,-0.6552161
1,5287.5,0,38:25.9,01:38.4,5.08,00:00.0,0,34.5,560,8,0,---,---,---,---,---,---,---,---,---,---,51.4892118,-0.6551248
1,5296.4,0,38:27.7,01:39.4,5.03,00:00.0,0,35.5,561,8.9,0,---,---,---,---,---,---,---,---,---,---,51.489163,-0.6550225
1,5304.5,0,38:29.3,01:39.8,5.01,00:00.0,0,35,562,8.1,0,---,---,---,---,---,---,---,---,---,---,51.4891198,-0.6549281
1,5313.5,0,38:31.1,01:39.6,5.02,00:00.0,0,35.5,563,9,0,---,---,---,---,---,---,---,---,---,---,51.4890747,-0.6548202
1,5321.7,0,38:32.7,01:39.4,5.03,00:00.0,0,35.5,564,8.2,0,---,---,---,---,---,---,---,---,---,---,51.4890335,-0.654722
1,5329.8,0,38:34.5,01:39.2,5.04,00:00.0,0,35.5,565,8.1,0,---,---,---,---,---,---,---,---,---,---,51.4889925,-0.6546251
1,5338.7,0,38:36.1,01:37.7,5.12,00:00.0,0,35.5,566,8.9,0,---,---,---,---,---,---,---,---,---,---,51.4889484,-0.6545188
1,5346.1,0,38:37.6,01:38.4,5.08,00:00.0,0,35.5,567,7.4,0,---,---,---,---,---,---,---,---,---,---,51.4889117,-0.6544304
1,5355.1,0,38:39.3,01:38.0,5.1,00:00.0,0,35.5,568,9.1,0,---,---,---,---,---,---,---,---,---,---,51.4888654,-0.6543228
1,5364,0,38:41.1,01:38.2,5.09,00:00.0,0,35.5,569,8.9,0,---,---,---,---,---,---,---,---,---,---,51.4888185,-0.6542197
1,5372.7,0,38:42.9,01:40.4,4.98,00:00.0,0,34,570,8.7,0,---,---,---,---,---,---,---,---,---,---,51.4887713,-0.654119
1,5380.5,0,38:44.5,01:42.7,4.87,00:00.0,0,35.5,571,7.8,0,---,---,---,---,---,---,---,---,---,---,51.4887285,-0.6540299
1,5388.3,0,38:46.1,01:44.2,4.8,00:00.0,0,35.5,572,7.7,0,---,---,---,---,---,---,---,---,---,---,51.4886864,-0.653941
1,5396.8,0,38:47.9,01:44.4,4.79,00:00.0,0,35.5,573,8.5,0,---,---,---,---,---,---,---,---,---,---,51.4886364,-0.6538476
1,5403.6,0,38:49.5,01:45.5,4.74,00:00.0,0,34,574,6.8,0,---,---,---,---,---,---,---,---,---,---,51.4885985,-0.6537699
1,5413.4,0,38:51.5,01:44.8,4.77,00:00.0,0,34,575,9.8,0,---,---,---,---,---,---,---,---,---,---,51.4885418,-0.6536616
1,5420.9,0,38:53.1,01:47.5,4.65,00:00.0,0,35.5,576,7.5,0,---,---,---,---,---,---,---,---,---,---,51.4884981,-0.65358
1,5430.5,0,38:55.5,01:51.1,4.5,00:00.0,0,35.5,577,9.6,0,---,---,---,---,---,---,---,---,---,---,51.4884439,-0.6534719
1,5442.4,0,38:58.5,01:56.8,4.28,00:00.0,0,15.5,578,11.9,0,---,---,---,---,---,---,---,---,---,---,51.4883697,-0.653348
1,5464.5,0,39:05.7,02:19.3,3.59,00:00.0,0,8.5,579,22.1,0,---,---,---,---,---,---,---,---,---,---,51.4882431,-0.6531032
1,5471,0,39:08.3,02:59.2,2.79,00:00.0,0,20,580,6.5,0,---,---,---,---,---,---,---,---,---,---,51.4882143,-0.6530226
1,5478.6,0,39:11.5,03:24.9,2.44,00:00.0,0,21.5,581,7.6,0,---,---,---,---,---,---,---,---,---,---,51.4881835,-0.6529251
